model,n_points,IoU_mean,IoU_std,Dice_mean,Dice_std,Precision_mean,Precision_std,Recall_mean,Recall_std,Accuracy_mean,Accuracy_std,Specificity_mean,Specificity_std
SAM_paleorusels_vessels,3,0.04904855854711038,0.04445148683920737,0.09079303380316942,0.08020655719651687,0.14005178257126802,0.1439858201956317,0.07004430258347741,0.059941926513591794,0.8615044370319541,0.07479260794149617,0.9533181704867599,0.04564235454182027
SAM_vessels,3,0.0477654257036651,0.04604038364679805,0.08826550220044418,0.08283518385907722,0.12230320507025345,0.1333513294366528,0.07237888679966445,0.06430022700051523,0.8520229568929837,0.08383743444307357,0.9417006828292538,0.05585361377758968
